size,cpu_elapsed_s,gpu_elapsed_s,cpu_fom,gpu_fom,speedup_time,speedup_fom
30,1.0,0.15,2572.2517,18118.981,6.666666666666667,7.044015560374594
50,2.0,0.27,6119.3608,45527.223,7.4074074074074066,7.4398657781381345
70,4.9,0.52,7019.3404,66084.685,9.423076923076923,9.414657394304456
90,11.0,0.96,6536.5156,75746.398,11.458333333333334,11.588192033076462
110,20.0,1.67,6554.0096,79480.576,11.976047904191617,12.12701549903131
